time,ciudad,temperatura
2024-11-16-00-00-00,Santo Domingo,22.16
2024-11-16-00-00-00,La Sábana,27.36
2024-11-16-00-00-00,Paraíso,24.80
2024-11-17-00-00-00,Santo Domingo,25.92
2024-11-17-00-00-00,La Sábana,24.78
2024-11-17-00-00-00,Paraíso,21.87
2024-11-18-00-00-00,Santo Domingo,24.87
2024-11-18-00-00-00,La Sábana,26.22
2024-11-18-00-00-00,Paraíso,24.23
2024-11-19-00-00-00,Santo Domingo,25.13
2024-11-19-00-00-00,La Sábana,23.76
2024-11-19-00-00-00,Paraíso,20.18
2024-11-20-00-00-00,Santo Domingo,23.43
2024-11-20-00-00-00,La Sábana,23.50
2024-11-20-00-00-00,Paraíso,21.92
2024-11-21-00-00-00,Santo Domingo,26.49
2024-11-21-00-00-00,La Sábana,23.67
2024-11-21-00-00-00,Paraíso,20.66
2024-11-22-00-00-00,Santo Domingo,23.81
2024-11-22-00-00-00,La Sábana,27.98
2024-11-22-00-00-00,Paraíso,23.13
2024-11-23-00-00-00,Santo Domingo,22.35
2024-11-23-00-00-00,La Sábana,27.46
2024-11-23-00-00-00,Paraíso,19.73
2024-11-24-00-00-00,Santo Domingo,24.61
2024-11-24-00-00-00,La Sábana,27.26
2024-11-24-00-00-00,Paraíso,22.45
2024-11-25-00-00-00,Santo Domingo,25.55
2024-11-25-00-00-00,La Sábana,25.92
2024-11-25-00-00-00,Paraíso,22.78
2024-11-26-00-00-00,Santo Domingo,22.16
2024-11-26-00-00-00,La Sábana,24.34
2024-11-26-00-00-00,Paraíso,22.58
2024-11-27-00-00-00,Santo Domingo,22.19
2024-11-27-00-00-00,La Sábana,26.85
2024-11-27-00-00-00,Paraíso,23.33
2024-11-28-00-00-00,Santo Domingo,24.40
2024-11-28-00-00-00,La Sábana,25.34
2024-11-28-00-00-00,Paraíso,24.63
2024-11-29-00-00-00,Santo Domingo,24.97
2024-11-29-00-00-00,La Sábana,25.38
2024-11-29-00-00-00,Paraíso,23.73
2024-11-30-00-00-00,Santo Domingo,24.67
2024-11-30-00-00-00,La Sábana,25.18
2024-11-30-00-00-00,Paraíso,19.61
2024-12-01-00-00-00,Santo Domingo,26.43
2024-12-01-00-00-00,La Sábana,27.12
2024-12-01-00-00-00,Paraíso,21.67
2024-12-02-00-00-00,Santo Domingo,22.34
2024-12-02-00-00-00,La Sábana,23.52
2024-12-02-00-00-00,Paraíso,19.61
2024-12-03-00-00-00,Santo Domingo,24.83
2024-12-03-00-00-00,La Sábana,27.97
2024-12-03-00-00-00,Paraíso,23.63
2024-12-04-00-00-00,Santo Domingo,22.68
2024-12-04-00-00-00,La Sábana,24.03
2024-12-04-00-00-00,Paraíso,21.29
2024-12-05-00-00-00,Santo Domingo,23.92
2024-12-05-00-00-00,La Sábana,25.74
2024-12-05-00-00-00,Paraíso,24.28
2024-12-06-00-00-00,Santo Domingo,23.70
2024-12-06-00-00-00,La Sábana,24.45
2024-12-06-00-00-00,Paraíso,22.00
2024-12-07-00-00-00,Santo Domingo,25.85
2024-12-07-00-00-00,La Sábana,25.65
2024-12-07-00-00-00,Paraíso,20.20
2024-12-08-00-00-00,Santo Domingo,26.06
2024-12-08-00-00-00,La Sábana,27.73
2024-12-08-00-00-00,Paraíso,19.40
2024-12-09-00-00-00,Santo Domingo,22.88
2024-12-09-00-00-00,La Sábana,23.09
2024-12-09-00-00-00,Paraíso,21.74
2024-12-10-00-00-00,Santo Domingo,26.95
2024-12-10-00-00-00,La Sábana,23.27
2024-12-10-00-00-00,Paraíso,23.91
2024-12-11-00-00-00,Santo Domingo,26.65
2024-12-11-00-00-00,La Sábana,23.13
2024-12-11-00-00-00,Paraíso,24.46
2024-12-12-00-00-00,Santo Domingo,23.90
2024-12-12-00-00-00,La Sábana,25.34
2024-12-12-00-00-00,Paraíso,19.26
2024-12-13-00-00-00,Santo Domingo,25.63
2024-12-13-00-00-00,La Sábana,26.84
2024-12-13-00-00-00,Paraíso,22.08
2024-12-14-00-00-00,Santo Domingo,23.13
2024-12-14-00-00-00,La Sábana,27.81
2024-12-14-00-00-00,Paraíso,20.75
2024-12-15-00-00-00,Santo Domingo,23.33
2024-12-15-00-00-00,La Sábana,26.43
2024-12-15-00-00-00,Paraíso,23.93
2024-12-16-00-00-00,Santo Domingo,26.27
2024-12-16-00-00-00,La Sábana,27.42
2024-12-16-00-00-00,Paraíso,24.61
2024-12-17-00-00-00,Santo Domingo,23.41
2024-12-17-00-00-00,La Sábana,27.18
2024-12-17-00-00-00,Paraíso,21.35
2024-12-18-00-00-00,Santo Domingo,24.07
2024-12-18-00-00-00,La Sábana,25.82
2024-12-18-00-00-00,Paraíso,21.82
2024-12-19-00-00-00,Santo Domingo,26.66
2024-12-19-00-00-00,La Sábana,27.92
2024-12-19-00-00-00,Paraíso,24.34
2024-12-20-00-00-00,Santo Domingo,24.90
2024-12-20-00-00-00,La Sábana,27.91
2024-12-20-00-00-00,Paraíso,19.03
2024-12-21-00-00-00,Santo Domingo,26.11
2024-12-21-00-00-00,La Sábana,23.88
2024-12-21-00-00-00,Paraíso,25.37
2024-12-22-00-00-00,Santo Domingo,23.19
2024-12-22-00-00-00,La Sábana,27.79
2024-12-22-00-00-00,Paraíso,20.99
2024-12-23-00-00-00,Santo Domingo,22.25
2024-12-23-00-00-00,La Sábana,24.47
2024-12-23-00-00-00,Paraíso,22.64
2024-12-24-00-00-00,Santo Domingo,25.68
2024-12-24-00-00-00,La Sábana,23.53
2024-12-24-00-00-00,Paraíso,19.20
2024-12-25-00-00-00,Santo Domingo,23.57
2024-12-25-00-00-00,La Sábana,26.42
2024-12-25-00-00-00,Paraíso,25.90
2024-12-26-00-00-00,Santo Domingo,25.36
2024-12-26-00-00-00,La Sábana,23.61
2024-12-26-00-00-00,Paraíso,21.60
2024-12-27-00-00-00,Santo Domingo,22.30
2024-12-27-00-00-00,La Sábana,25.29
2024-12-27-00-00-00,Paraíso,19.63
2024-12-28-00-00-00,Santo Domingo,26.84
2024-12-28-00-00-00,La Sábana,26.65
2024-12-28-00-00-00,Paraíso,21.94
2024-12-29-00-00-00,Santo Domingo,22.64
2024-12-29-00-00-00,La Sábana,23.29
2024-12-29-00-00-00,Paraíso,24.53
2024-12-30-00-00-00,Santo Domingo,25.32
2024-12-30-00-00-00,La Sábana,26.49
2024-12-30-00-00-00,Paraíso,24.27
2024-12-31-00-00-00,Santo Domingo,24.93
2024-12-31-00-00-00,La Sábana,24.28
2024-12-31-00-00-00,Paraíso,19.57
2025-01-01-00-00-00,Santo Domingo,25.70
2025-01-01-00-00-00,La Sábana,26.35
2025-01-01-00-00-00,Paraíso,19.48
2025-01-02-00-00-00,Santo Domingo,22.11
2025-01-02-00-00-00,La Sábana,25.21
2025-01-02-00-00-00,Paraíso,19.48
2025-01-03-00-00-00,Santo Domingo,26.96
2025-01-03-00-00-00,La Sábana,27.57
2025-01-03-00-00-00,Paraíso,24.38
2025-01-04-00-00-00,Santo Domingo,22.92
2025-01-04-00-00-00,La Sábana,26.57
2025-01-04-00-00-00,Paraíso,20.74
2025-01-05-00-00-00,Santo Domingo,23.07
2025-01-05-00-00-00,La Sábana,27.84
2025-01-05-00-00-00,Paraíso,20.13
2025-01-06-00-00-00,Santo Domingo,22.22
2025-01-06-00-00-00,La Sábana,26.81
2025-01-06-00-00-00,Paraíso,22.14
2025-01-07-00-00-00,Santo Domingo,26.36
2025-01-07-00-00-00,La Sábana,27.08
2025-01-07-00-00-00,Paraíso,24.09
2025-01-08-00-00-00,Santo Domingo,25.60
2025-01-08-00-00-00,La Sábana,23.92
2025-01-08-00-00-00,Paraíso,19.27
2025-01-09-00-00-00,Santo Domingo,24.25
2025-01-09-00-00-00,La Sábana,25.38
2025-01-09-00-00-00,Paraíso,22.01
2025-01-10-00-00-00,Santo Domingo,22.07
2025-01-10-00-00-00,La Sábana,25.29
2025-01-10-00-00-00,Paraíso,22.19
2025-01-11-00-00-00,Santo Domingo,23.65
2025-01-11-00-00-00,La Sábana,27.32
2025-01-11-00-00-00,Paraíso,22.46
2025-01-12-00-00-00,Santo Domingo,24.39
2025-01-12-00-00-00,La Sábana,23.73
2025-01-12-00-00-00,Paraíso,25.20
2025-01-13-00-00-00,Santo Domingo,22.10
2025-01-13-00-00-00,La Sábana,24.42
2025-01-13-00-00-00,Paraíso,23.50
2025-01-14-00-00-00,Santo Domingo,22.81
2025-01-14-00-00-00,La Sábana,26.31
2025-01-14-00-00-00,Paraíso,22.19
2025-01-15-00-00-00,Santo Domingo,23.73
2025-01-15-00-00-00,La Sábana,26.11
2025-01-15-00-00-00,Paraíso,22.87
2025-01-16-00-00-00,Santo Domingo,23.82
2025-01-16-00-00-00,La Sábana,27.38
2025-01-16-00-00-00,Paraíso,24.96
2025-01-17-00-00-00,Santo Domingo,26.77
2025-01-17-00-00-00,La Sábana,24.75
2025-01-17-00-00-00,Paraíso,23.81
2025-01-18-00-00-00,Santo Domingo,25.44
2025-01-18-00-00-00,La Sábana,25.97
2025-01-18-00-00-00,Paraíso,25.74
2025-01-19-00-00-00,Santo Domingo,26.24
2025-01-19-00-00-00,La Sábana,26.67
2025-01-19-00-00-00,Paraíso,23.85
2025-01-20-00-00-00,Santo Domingo,25.66
2025-01-20-00-00-00,La Sábana,27.29
2025-01-20-00-00-00,Paraíso,25.71
2025-01-21-00-00-00,Santo Domingo,24.64
2025-01-21-00-00-00,La Sábana,27.00
2025-01-21-00-00-00,Paraíso,20.43
2025-01-22-00-00-00,Santo Domingo,23.37
2025-01-22-00-00-00,La Sábana,27.63
2025-01-22-00-00-00,Paraíso,25.46
2025-01-23-00-00-00,Santo Domingo,24.14
2025-01-23-00-00-00,La Sábana,27.60
2025-01-23-00-00-00,Paraíso,21.09
2025-01-24-00-00-00,Santo Domingo,23.95
2025-01-24-00-00-00,La Sábana,26.75
2025-01-24-00-00-00,Paraíso,25.21
2025-01-25-00-00-00,Santo Domingo,26.58
2025-01-25-00-00-00,La Sábana,24.31
2025-01-25-00-00-00,Paraíso,24.69
2025-01-26-00-00-00,Santo Domingo,24.69
2025-01-26-00-00-00,La Sábana,24.25
2025-01-26-00-00-00,Paraíso,23.94
2025-01-27-00-00-00,Santo Domingo,24.20
2025-01-27-00-00-00,La Sábana,23.87
2025-01-27-00-00-00,Paraíso,19.15
2025-01-28-00-00-00,Santo Domingo,26.24
2025-01-28-00-00-00,La Sábana,26.39
2025-01-28-00-00-00,Paraíso,20.30
2025-01-29-00-00-00,Santo Domingo,22.62
2025-01-29-00-00-00,La Sábana,23.60
2025-01-29-00-00-00,Paraíso,19.11
2025-01-30-00-00-00,Santo Domingo,23.32
2025-01-30-00-00-00,La Sábana,24.34
2025-01-30-00-00-00,Paraíso,20.10
2025-01-31-00-00-00,Santo Domingo,24.67
2025-01-31-00-00-00,La Sábana,27.07
2025-01-31-00-00-00,Paraíso,25.09
2025-02-01-00-00-00,Santo Domingo,25.20
2025-02-01-00-00-00,La Sábana,25.65
2025-02-01-00-00-00,Paraíso,22.46
2025-02-02-00-00-00,Santo Domingo,26.39
2025-02-02-00-00-00,La Sábana,24.27
2025-02-02-00-00-00,Paraíso,19.63
2025-02-03-00-00-00,Santo Domingo,25.63
2025-02-03-00-00-00,La Sábana,23.70
2025-02-03-00-00-00,Paraíso,20.69
2025-02-04-00-00-00,Santo Domingo,22.01
2025-02-04-00-00-00,La Sábana,26.69
2025-02-04-00-00-00,Paraíso,21.00
2025-02-05-00-00-00,Santo Domingo,24.73
2025-02-05-00-00-00,La Sábana,26.60
2025-02-05-00-00-00,Paraíso,23.55
2025-02-06-00-00-00,Santo Domingo,23.28
2025-02-06-00-00-00,La Sábana,23.66
2025-02-06-00-00-00,Paraíso,21.25
2025-02-07-00-00-00,Santo Domingo,24.80
2025-02-07-00-00-00,La Sábana,23.46
2025-02-07-00-00-00,Paraíso,19.75
2025-02-08-00-00-00,Santo Domingo,24.51
2025-02-08-00-00-00,La Sábana,26.45
2025-02-08-00-00-00,Paraíso,24.20
2025-02-09-00-00-00,Santo Domingo,24.23
2025-02-09-00-00-00,La Sábana,24.47
2025-02-09-00-00-00,Paraíso,20.19
2025-02-10-00-00-00,Santo Domingo,26.60
2025-02-10-00-00-00,La Sábana,23.90
2025-02-10-00-00-00,Paraíso,23.49
2025-02-11-00-00-00,Santo Domingo,22.91
2025-02-11-00-00-00,La Sábana,24.10
2025-02-11-00-00-00,Paraíso,19.02
2025-02-12-00-00-00,Santo Domingo,25.71
2025-02-12-00-00-00,La Sábana,23.97
2025-02-12-00-00-00,Paraíso,21.74
2025-02-13-00-00-00,Santo Domingo,22.27
2025-02-13-00-00-00,La Sábana,25.73
2025-02-13-00-00-00,Paraíso,21.39
2025-02-14-00-00-00,Santo Domingo,24.16
2025-02-14-00-00-00,La Sábana,26.44
2025-02-14-00-00-00,Paraíso,22.35
2025-02-15-00-00-00,Santo Domingo,25.79
2025-02-15-00-00-00,La Sábana,26.83
2025-02-15-00-00-00,Paraíso,25.09
2025-02-16-00-00-00,Santo Domingo,25.11
2025-02-16-00-00-00,La Sábana,26.45
2025-02-16-00-00-00,Paraíso,22.65
2025-02-17-00-00-00,Santo Domingo,25.57
2025-02-17-00-00-00,La Sábana,23.28
2025-02-17-00-00-00,Paraíso,24.83
2025-02-18-00-00-00,Santo Domingo,23.60
2025-02-18-00-00-00,La Sábana,27.87
2025-02-18-00-00-00,Paraíso,24.24
2025-02-19-00-00-00,Santo Domingo,24.17
2025-02-19-00-00-00,La Sábana,24.18
2025-02-19-00-00-00,Paraíso,22.01
2025-02-20-00-00-00,Santo Domingo,24.94
2025-02-20-00-00-00,La Sábana,24.85
2025-02-20-00-00-00,Paraíso,22.13
2025-02-21-00-00-00,Santo Domingo,22.81
2025-02-21-00-00-00,La Sábana,27.34
2025-02-21-00-00-00,Paraíso,23.23
2025-02-22-00-00-00,Santo Domingo,22.28
2025-02-22-00-00-00,La Sábana,25.79
2025-02-22-00-00-00,Paraíso,19.33
2025-02-23-00-00-00,Santo Domingo,24.99
2025-02-23-00-00-00,La Sábana,26.01
2025-02-23-00-00-00,Paraíso,22.65
2025-02-24-00-00-00,Santo Domingo,25.51
2025-02-24-00-00-00,La Sábana,26.74
2025-02-24-00-00-00,Paraíso,22.38
2025-02-25-00-00-00,Santo Domingo,25.94
2025-02-25-00-00-00,La Sábana,23.67
2025-02-25-00-00-00,Paraíso,24.20
2025-02-26-00-00-00,Santo Domingo,23.99
2025-02-26-00-00-00,La Sábana,27.59
2025-02-26-00-00-00,Paraíso,20.88
2025-02-27-00-00-00,Santo Domingo,23.26
2025-02-27-00-00-00,La Sábana,27.59
2025-02-27-00-00-00,Paraíso,20.11
2025-02-28-00-00-00,Santo Domingo,25.02
2025-02-28-00-00-00,La Sábana,26.84
2025-02-28-00-00-00,Paraíso,25.80
2025-03-01-00-00-00,Santo Domingo,26.52
2025-03-01-00-00-00,La Sábana,24.75
2025-03-01-00-00-00,Paraíso,25.70
2025-03-02-00-00-00,Santo Domingo,26.19
2025-03-02-00-00-00,La Sábana,24.62
2025-03-02-00-00-00,Paraíso,19.16
2025-03-03-00-00-00,Santo Domingo,23.15
2025-03-03-00-00-00,La Sábana,24.30
2025-03-03-00-00-00,Paraíso,22.53
2025-03-04-00-00-00,Santo Domingo,25.23
2025-03-04-00-00-00,La Sábana,27.21
2025-03-04-00-00-00,Paraíso,25.29
2025-03-05-00-00-00,Santo Domingo,26.06
2025-03-05-00-00-00,La Sábana,25.25
2025-03-05-00-00-00,Paraíso,20.40
2025-03-06-00-00-00,Santo Domingo,26.78
2025-03-06-00-00-00,La Sábana,24.04
2025-03-06-00-00-00,Paraíso,24.22
2025-03-07-00-00-00,Santo Domingo,26.04
2025-03-07-00-00-00,La Sábana,24.25
2025-03-07-00-00-00,Paraíso,23.87
2025-03-08-00-00-00,Santo Domingo,23.51
2025-03-08-00-00-00,La Sábana,26.29
2025-03-08-00-00-00,Paraíso,24.01
2025-03-09-00-00-00,Santo Domingo,26.54
2025-03-09-00-00-00,La Sábana,26.92
2025-03-09-00-00-00,Paraíso,21.66
2025-03-10-00-00-00,Santo Domingo,24.40
2025-03-10-00-00-00,La Sábana,23.39
2025-03-10-00-00-00,Paraíso,24.65
2025-03-11-00-00-00,Santo Domingo,26.79
2025-03-11-00-00-00,La Sábana,27.73
2025-03-11-00-00-00,Paraíso,21.81
2025-03-12-00-00-00,Santo Domingo,22.03
2025-03-12-00-00-00,La Sábana,26.96
2025-03-12-00-00-00,Paraíso,24.64
2025-03-13-00-00-00,Santo Domingo,23.17
2025-03-13-00-00-00,La Sábana,24.12
2025-03-13-00-00-00,Paraíso,24.01
2025-03-14-00-00-00,Santo Domingo,25.45
2025-03-14-00-00-00,La Sábana,26.35
2025-03-14-00-00-00,Paraíso,23.24
2025-03-15-00-00-00,Santo Domingo,24.23
2025-03-15-00-00-00,La Sábana,23.95
2025-03-15-00-00-00,Paraíso,25.58
2025-03-16-00-00-00,Santo Domingo,26.86
2025-03-16-00-00-00,La Sábana,23.07
2025-03-16-00-00-00,Paraíso,21.32
2025-03-17-00-00-00,Santo Domingo,23.73
2025-03-17-00-00-00,La Sábana,25.04
2025-03-17-00-00-00,Paraíso,24.75
2025-03-18-00-00-00,Santo Domingo,22.09
2025-03-18-00-00-00,La Sábana,26.97
2025-03-18-00-00-00,Paraíso,23.69
2025-03-19-00-00-00,Santo Domingo,23.76
2025-03-19-00-00-00,La Sábana,26.43
2025-03-19-00-00-00,Paraíso,25.14
2025-03-20-00-00-00,Santo Domingo,25.91
2025-03-20-00-00-00,La Sábana,27.90
2025-03-20-00-00-00,Paraíso,22.13
2025-03-21-00-00-00,Santo Domingo,24.97
2025-03-21-00-00-00,La Sábana,27.62
2025-03-21-00-00-00,Paraíso,20.72
2025-03-22-00-00-00,Santo Domingo,23.55
2025-03-22-00-00-00,La Sábana,25.03
2025-03-22-00-00-00,Paraíso,19.37
2025-03-23-00-00-00,Santo Domingo,26.77
2025-03-23-00-00-00,La Sábana,27.03
2025-03-23-00-00-00,Paraíso,21.08
2025-03-24-00-00-00,Santo Domingo,22.85
2025-03-24-00-00-00,La Sábana,26.90
2025-03-24-00-00-00,Paraíso,22.47
2025-03-25-00-00-00,Santo Domingo,22.18
2025-03-25-00-00-00,La Sábana,26.67
2025-03-25-00-00-00,Paraíso,22.01
2025-03-26-00-00-00,Santo Domingo,24.16
2025-03-26-00-00-00,La Sábana,24.02
2025-03-26-00-00-00,Paraíso,21.92
2025-03-27-00-00-00,Santo Domingo,23.52
2025-03-27-00-00-00,La Sábana,23.34
2025-03-27-00-00-00,Paraíso,22.01
2025-03-28-00-00-00,Santo Domingo,26.48
2025-03-28-00-00-00,La Sábana,25.98
2025-03-28-00-00-00,Paraíso,22.91
2025-03-29-00-00-00,Santo Domingo,24.89
2025-03-29-00-00-00,La Sábana,27.57
2025-03-29-00-00-00,Paraíso,20.32
2025-03-30-00-00-00,Santo Domingo,26.27
2025-03-30-00-00-00,La Sábana,25.48
2025-03-30-00-00-00,Paraíso,23.75
2025-03-31-00-00-00,Santo Domingo,22.53
2025-03-31-00-00-00,La Sábana,26.51
2025-03-31-00-00-00,Paraíso,24.02
2025-04-01-00-00-00,Santo Domingo,24.20
2025-04-01-00-00-00,La Sábana,23.66
2025-04-01-00-00-00,Paraíso,23.67
2025-04-02-00-00-00,Santo Domingo,24.62
2025-04-02-00-00-00,La Sábana,24.57
2025-04-02-00-00-00,Paraíso,25.73
2025-04-03-00-00-00,Santo Domingo,26.72
2025-04-03-00-00-00,La Sábana,23.67
2025-04-03-00-00-00,Paraíso,23.62
2025-04-04-00-00-00,Santo Domingo,22.21
2025-04-04-00-00-00,La Sábana,25.47
2025-04-04-00-00-00,Paraíso,19.16
2025-04-05-00-00-00,Santo Domingo,25.27
2025-04-05-00-00-00,La Sábana,23.85
2025-04-05-00-00-00,Paraíso,20.02
2025-04-06-00-00-00,Santo Domingo,26.29
2025-04-06-00-00-00,La Sábana,24.30
2025-04-06-00-00-00,Paraíso,22.62
2025-04-07-00-00-00,Santo Domingo,25.84
2025-04-07-00-00-00,La Sábana,27.52
2025-04-07-00-00-00,Paraíso,20.05
2025-04-08-00-00-00,Santo Domingo,25.67
2025-04-08-00-00-00,La Sábana,23.59
2025-04-08-00-00-00,Paraíso,25.28
2025-04-09-00-00-00,Santo Domingo,24.59
2025-04-09-00-00-00,La Sábana,25.86
2025-04-09-00-00-00,Paraíso,22.34
2025-04-10-00-00-00,Santo Domingo,24.32
2025-04-10-00-00-00,La Sábana,26.43
2025-04-10-00-00-00,Paraíso,24.75
2025-04-11-00-00-00,Santo Domingo,24.46
2025-04-11-00-00-00,La Sábana,26.58
2025-04-11-00-00-00,Paraíso,24.21
2025-04-12-00-00-00,Santo Domingo,26.96
2025-04-12-00-00-00,La Sábana,23.03
2025-04-12-00-00-00,Paraíso,19.66
2025-04-13-00-00-00,Santo Domingo,26.00
2025-04-13-00-00-00,La Sábana,23.59
2025-04-13-00-00-00,Paraíso,22.92
2025-04-14-00-00-00,Santo Domingo,23.86
2025-04-14-00-00-00,La Sábana,23.59
2025-04-14-00-00-00,Paraíso,19.68
2025-04-15-00-00-00,Santo Domingo,22.07
2025-04-15-00-00-00,La Sábana,23.44
2025-04-15-00-00-00,Paraíso,23.73
2025-04-16-00-00-00,Santo Domingo,22.63
2025-04-16-00-00-00,La Sábana,26.03
2025-04-16-00-00-00,Paraíso,24.48
2025-04-17-00-00-00,Santo Domingo,23.56
2025-04-17-00-00-00,La Sábana,25.22
2025-04-17-00-00-00,Paraíso,21.86
2025-04-18-00-00-00,Santo Domingo,26.64
2025-04-18-00-00-00,La Sábana,24.24
2025-04-18-00-00-00,Paraíso,22.32
2025-04-19-00-00-00,Santo Domingo,24.08
2025-04-19-00-00-00,La Sábana,27.04
2025-04-19-00-00-00,Paraíso,25.44
2025-04-20-00-00-00,Santo Domingo,25.60
2025-04-20-00-00-00,La Sábana,25.13
2025-04-20-00-00-00,Paraíso,22.84
2025-04-21-00-00-00,Santo Domingo,24.95
2025-04-21-00-00-00,La Sábana,27.49
2025-04-21-00-00-00,Paraíso,20.60
2025-04-22-00-00-00,Santo Domingo,22.11
2025-04-22-00-00-00,La Sábana,23.84
2025-04-22-00-00-00,Paraíso,23.80
2025-04-23-00-00-00,Santo Domingo,26.33
2025-04-23-00-00-00,La Sábana,23.30
2025-04-23-00-00-00,Paraíso,22.31
2025-04-24-00-00-00,Santo Domingo,24.74
2025-04-24-00-00-00,La Sábana,27.87
2025-04-24-00-00-00,Paraíso,25.69
2025-04-25-00-00-00,Santo Domingo,22.73
2025-04-25-00-00-00,La Sábana,23.64
2025-04-25-00-00-00,Paraíso,22.72
2025-04-26-00-00-00,Santo Domingo,25.03
2025-04-26-00-00-00,La Sábana,23.25
2025-04-26-00-00-00,Paraíso,23.92
2025-04-27-00-00-00,Santo Domingo,22.28
2025-04-27-00-00-00,La Sábana,23.25
2025-04-27-00-00-00,Paraíso,23.08
2025-04-28-00-00-00,Santo Domingo,22.33
2025-04-28-00-00-00,La Sábana,23.41
2025-04-28-00-00-00,Paraíso,24.68
2025-04-29-00-00-00,Santo Domingo,23.05
2025-04-29-00-00-00,La Sábana,27.08
2025-04-29-00-00-00,Paraíso,23.21
2025-04-30-00-00-00,Santo Domingo,26.61
2025-04-30-00-00-00,La Sábana,26.36
2025-04-30-00-00-00,Paraíso,19.43
2025-05-01-00-00-00,Santo Domingo,26.05
2025-05-01-00-00-00,La Sábana,26.43
2025-05-01-00-00-00,Paraíso,21.06
2025-05-02-00-00-00,Santo Domingo,22.02
2025-05-02-00-00-00,La Sábana,24.93
2025-05-02-00-00-00,Paraíso,19.27
2025-05-03-00-00-00,Santo Domingo,22.39
2025-05-03-00-00-00,La Sábana,26.05
2025-05-03-00-00-00,Paraíso,22.59
2025-05-04-00-00-00,Santo Domingo,22.66
2025-05-04-00-00-00,La Sábana,24.10
2025-05-04-00-00-00,Paraíso,23.11
2025-05-05-00-00-00,Santo Domingo,25.53
2025-05-05-00-00-00,La Sábana,25.35
2025-05-05-00-00-00,Paraíso,25.77
2025-05-06-00-00-00,Santo Domingo,24.98
2025-05-06-00-00-00,La Sábana,26.53
2025-05-06-00-00-00,Paraíso,25.29
2025-05-07-00-00-00,Santo Domingo,23.94
2025-05-07-00-00-00,La Sábana,24.33
2025-05-07-00-00-00,Paraíso,22.14
2025-05-08-00-00-00,Santo Domingo,23.71
2025-05-08-00-00-00,La Sábana,25.39
2025-05-08-00-00-00,Paraíso,25.79
2025-05-09-00-00-00,Santo Domingo,22.65
2025-05-09-00-00-00,La Sábana,24.82
2025-05-09-00-00-00,Paraíso,24.24
2025-05-10-00-00-00,Santo Domingo,25.94
2025-05-10-00-00-00,La Sábana,23.12
2025-05-10-00-00-00,Paraíso,21.68
2025-05-11-00-00-00,Santo Domingo,25.71
2025-05-11-00-00-00,La Sábana,26.63
2025-05-11-00-00-00,Paraíso,23.10
2025-05-12-00-00-00,Santo Domingo,25.18
2025-05-12-00-00-00,La Sábana,24.68
2025-05-12-00-00-00,Paraíso,24.85
2025-05-13-00-00-00,Santo Domingo,25.10
2025-05-13-00-00-00,La Sábana,26.89
2025-05-13-00-00-00,Paraíso,22.98
2025-05-14-00-00-00,Santo Domingo,26.34
2025-05-14-00-00-00,La Sábana,24.12
2025-05-14-00-00-00,Paraíso,21.45
2025-05-15-00-00-00,Santo Domingo,24.69
2025-05-15-00-00-00,La Sábana,27.10
2025-05-15-00-00-00,Paraíso,20.12
2025-05-16-00-00-00,Santo Domingo,24.64
2025-05-16-00-00-00,La Sábana,23.32
2025-05-16-00-00-00,Paraíso,22.95
2025-05-17-00-00-00,Santo Domingo,26.60
2025-05-17-00-00-00,La Sábana,24.73
2025-05-17-00-00-00,Paraíso,19.17
2025-05-18-00-00-00,Santo Domingo,25.57
2025-05-18-00-00-00,La Sábana,24.61
2025-05-18-00-00-00,Paraíso,23.76
2025-05-19-00-00-00,Santo Domingo,22.13
2025-05-19-00-00-00,La Sábana,25.32
2025-05-19-00-00-00,Paraíso,21.66
2025-05-20-00-00-00,Santo Domingo,24.46
2025-05-20-00-00-00,La Sábana,26.01
2025-05-20-00-00-00,Paraíso,23.75
2025-05-21-00-00-00,Santo Domingo,26.47
2025-05-21-00-00-00,La Sábana,26.59
2025-05-21-00-00-00,Paraíso,21.85
2025-05-22-00-00-00,Santo Domingo,24.48
2025-05-22-00-00-00,La Sábana,26.13
2025-05-22-00-00-00,Paraíso,21.25
2025-05-23-00-00-00,Santo Domingo,26.01
2025-05-23-00-00-00,La Sábana,26.92
2025-05-23-00-00-00,Paraíso,25.67
2025-05-24-00-00-00,Santo Domingo,23.39
2025-05-24-00-00-00,La Sábana,27.94
2025-05-24-00-00-00,Paraíso,19.22
2025-05-25-00-00-00,Santo Domingo,24.41
2025-05-25-00-00-00,La Sábana,23.02
2025-05-25-00-00-00,Paraíso,22.89
2025-05-26-00-00-00,Santo Domingo,22.39
2025-05-26-00-00-00,La Sábana,23.02
2025-05-26-00-00-00,Paraíso,21.51
2025-05-27-00-00-00,Santo Domingo,24.57
2025-05-27-00-00-00,La Sábana,27.02
2025-05-27-00-00-00,Paraíso,19.42
2025-05-28-00-00-00,Santo Domingo,25.38
2025-05-28-00-00-00,La Sábana,26.73
2025-05-28-00-00-00,Paraíso,19.79
2025-05-29-00-00-00,Santo Domingo,24.04
2025-05-29-00-00-00,La Sábana,24.52
2025-05-29-00-00-00,Paraíso,24.15
2025-05-30-00-00-00,Santo Domingo,25.27
2025-05-30-00-00-00,La Sábana,27.22
2025-05-30-00-00-00,Paraíso,22.29
2025-05-31-00-00-00,Santo Domingo,22.36
2025-05-31-00-00-00,La Sábana,26.73
2025-05-31-00-00-00,Paraíso,23.06
2025-06-01-00-00-00,Santo Domingo,24.59
2025-06-01-00-00-00,La Sábana,26.19
2025-06-01-00-00-00,Paraíso,24.99
2025-06-02-00-00-00,Santo Domingo,22.13
2025-06-02-00-00-00,La Sábana,27.23
2025-06-02-00-00-00,Paraíso,19.70
2025-06-03-00-00-00,Santo Domingo,22.85
2025-06-03-00-00-00,La Sábana,24.57
2025-06-03-00-00-00,Paraíso,25.89
2025-06-04-00-00-00,Santo Domingo,22.22
2025-06-04-00-00-00,La Sábana,24.72
2025-06-04-00-00-00,Paraíso,25.36
2025-06-05-00-00-00,Santo Domingo,26.31
2025-06-05-00-00-00,La Sábana,23.02
2025-06-05-00-00-00,Paraíso,21.82
2025-06-06-00-00-00,Santo Domingo,23.13
2025-06-06-00-00-00,La Sábana,23.87
2025-06-06-00-00-00,Paraíso,20.72
2025-06-07-00-00-00,Santo Domingo,23.07
2025-06-07-00-00-00,La Sábana,23.77
2025-06-07-00-00-00,Paraíso,24.17
2025-06-08-00-00-00,Santo Domingo,24.14
2025-06-08-00-00-00,La Sábana,25.60
2025-06-08-00-00-00,Paraíso,22.25
2025-06-09-00-00-00,Santo Domingo,24.10
2025-06-09-00-00-00,La Sábana,23.02
2025-06-09-00-00-00,Paraíso,23.50
2025-06-10-00-00-00,Santo Domingo,24.34
2025-06-10-00-00-00,La Sábana,23.33
2025-06-10-00-00-00,Paraíso,24.48
2025-06-11-00-00-00,Santo Domingo,25.60
2025-06-11-00-00-00,La Sábana,27.15
2025-06-11-00-00-00,Paraíso,21.43
2025-06-12-00-00-00,Santo Domingo,24.94
2025-06-12-00-00-00,La Sábana,27.52
2025-06-12-00-00-00,Paraíso,25.61
2025-06-13-00-00-00,Santo Domingo,23.75
2025-06-13-00-00-00,La Sábana,24.16
2025-06-13-00-00-00,Paraíso,23.02
2025-06-14-00-00-00,Santo Domingo,24.35
2025-06-14-00-00-00,La Sábana,23.56
2025-06-14-00-00-00,Paraíso,25.87
2025-06-15-00-00-00,Santo Domingo,23.95
2025-06-15-00-00-00,La Sábana,25.25
2025-06-15-00-00-00,Paraíso,24.70
2025-06-16-00-00-00,Santo Domingo,23.59
2025-06-16-00-00-00,La Sábana,23.43
2025-06-16-00-00-00,Paraíso,20.60
2025-06-17-00-00-00,Santo Domingo,25.08
2025-06-17-00-00-00,La Sábana,27.23
2025-06-17-00-00-00,Paraíso,24.45
2025-06-18-00-00-00,Santo Domingo,26.48
2025-06-18-00-00-00,La Sábana,26.73
2025-06-18-00-00-00,Paraíso,19.44
2025-06-19-00-00-00,Santo Domingo,23.32
2025-06-19-00-00-00,La Sábana,24.60
2025-06-19-00-00-00,Paraíso,21.75
2025-06-20-00-00-00,Santo Domingo,22.62
2025-06-20-00-00-00,La Sábana,24.14
2025-06-20-00-00-00,Paraíso,23.79
2025-06-21-00-00-00,Santo Domingo,24.59
2025-06-21-00-00-00,La Sábana,23.01
2025-06-21-00-00-00,Paraíso,20.87
2025-06-22-00-00-00,Santo Domingo,24.16
2025-06-22-00-00-00,La Sábana,24.19
2025-06-22-00-00-00,Paraíso,21.95
2025-06-23-00-00-00,Santo Domingo,26.70
2025-06-23-00-00-00,La Sábana,26.29
2025-06-23-00-00-00,Paraíso,20.67
2025-06-24-00-00-00,Santo Domingo,22.13
2025-06-24-00-00-00,La Sábana,23.79
2025-06-24-00-00-00,Paraíso,25.07
2025-06-25-00-00-00,Santo Domingo,25.51
2025-06-25-00-00-00,La Sábana,23.18
2025-06-25-00-00-00,Paraíso,19.35
2025-06-26-00-00-00,Santo Domingo,23.92
2025-06-26-00-00-00,La Sábana,23.18
2025-06-26-00-00-00,Paraíso,20.64
2025-06-27-00-00-00,Santo Domingo,24.43
2025-06-27-00-00-00,La Sábana,23.02
2025-06-27-00-00-00,Paraíso,23.39
2025-06-28-00-00-00,Santo Domingo,26.78
2025-06-28-00-00-00,La Sábana,23.92
2025-06-28-00-00-00,Paraíso,19.88
2025-06-29-00-00-00,Santo Domingo,26.89
2025-06-29-00-00-00,La Sábana,27.89
2025-06-29-00-00-00,Paraíso,20.14
2025-06-30-00-00-00,Santo Domingo,22.65
2025-06-30-00-00-00,La Sábana,25.42
2025-06-30-00-00-00,Paraíso,25.87
2025-07-01-00-00-00,Santo Domingo,23.85
2025-07-01-00-00-00,La Sábana,27.30
2025-07-01-00-00-00,Paraíso,19.88
2025-07-02-00-00-00,Santo Domingo,22.55
2025-07-02-00-00-00,La Sábana,26.73
2025-07-02-00-00-00,Paraíso,23.99
2025-07-03-00-00-00,Santo Domingo,22.06
2025-07-03-00-00-00,La Sábana,23.34
2025-07-03-00-00-00,Paraíso,21.90
2025-07-04-00-00-00,Santo Domingo,22.73
2025-07-04-00-00-00,La Sábana,23.74
2025-07-04-00-00-00,Paraíso,24.87
2025-07-05-00-00-00,Santo Domingo,26.67
2025-07-05-00-00-00,La Sábana,24.04
2025-07-05-00-00-00,Paraíso,24.57
2025-07-06-00-00-00,Santo Domingo,25.13
2025-07-06-00-00-00,La Sábana,24.93
2025-07-06-00-00-00,Paraíso,20.90
2025-07-07-00-00-00,Santo Domingo,25.97
2025-07-07-00-00-00,La Sábana,25.83
2025-07-07-00-00-00,Paraíso,19.19
2025-07-08-00-00-00,Santo Domingo,22.79
2025-07-08-00-00-00,La Sábana,23.26
2025-07-08-00-00-00,Paraíso,25.05
2025-07-09-00-00-00,Santo Domingo,23.26
2025-07-09-00-00-00,La Sábana,27.65
2025-07-09-00-00-00,Paraíso,21.37
2025-07-10-00-00-00,Santo Domingo,23.06
2025-07-10-00-00-00,La Sábana,23.25
2025-07-10-00-00-00,Paraíso,21.29
2025-07-11-00-00-00,Santo Domingo,25.52
2025-07-11-00-00-00,La Sábana,23.43
2025-07-11-00-00-00,Paraíso,23.42
2025-07-12-00-00-00,Santo Domingo,25.28
2025-07-12-00-00-00,La Sábana,24.53
2025-07-12-00-00-00,Paraíso,23.48
2025-07-13-00-00-00,Santo Domingo,26.89
2025-07-13-00-00-00,La Sábana,23.06
2025-07-13-00-00-00,Paraíso,21.13
2025-07-14-00-00-00,Santo Domingo,25.72
2025-07-14-00-00-00,La Sábana,25.28
2025-07-14-00-00-00,Paraíso,22.42
2025-07-15-00-00-00,Santo Domingo,23.92
2025-07-15-00-00-00,La Sábana,26.13
2025-07-15-00-00-00,Paraíso,23.49
2025-07-16-00-00-00,Santo Domingo,24.05
2025-07-16-00-00-00,La Sábana,25.00
2025-07-16-00-00-00,Paraíso,20.28
2025-07-17-00-00-00,Santo Domingo,26.95
2025-07-17-00-00-00,La Sábana,27.84
2025-07-17-00-00-00,Paraíso,21.18
2025-07-18-00-00-00,Santo Domingo,26.77
2025-07-18-00-00-00,La Sábana,26.07
2025-07-18-00-00-00,Paraíso,24.77
2025-07-19-00-00-00,Santo Domingo,22.17
2025-07-19-00-00-00,La Sábana,24.08
2025-07-19-00-00-00,Paraíso,25.88
2025-07-20-00-00-00,Santo Domingo,22.59
2025-07-20-00-00-00,La Sábana,27.21
2025-07-20-00-00-00,Paraíso,25.37
2025-07-21-00-00-00,Santo Domingo,26.33
2025-07-21-00-00-00,La Sábana,25.95
2025-07-21-00-00-00,Paraíso,24.76
2025-07-22-00-00-00,Santo Domingo,24.83
2025-07-22-00-00-00,La Sábana,27.50
2025-07-22-00-00-00,Paraíso,20.97
2025-07-23-00-00-00,Santo Domingo,24.55
2025-07-23-00-00-00,La Sábana,24.45
2025-07-23-00-00-00,Paraíso,23.70
2025-07-24-00-00-00,Santo Domingo,22.88
2025-07-24-00-00-00,La Sábana,23.39
2025-07-24-00-00-00,Paraíso,24.11
2025-07-25-00-00-00,Santo Domingo,24.30
2025-07-25-00-00-00,La Sábana,25.54
2025-07-25-00-00-00,Paraíso,24.79
2025-07-26-00-00-00,Santo Domingo,24.30
2025-07-26-00-00-00,La Sábana,27.70
2025-07-26-00-00-00,Paraíso,20.58
2025-07-27-00-00-00,Santo Domingo,23.79
2025-07-27-00-00-00,La Sábana,25.36
2025-07-27-00-00-00,Paraíso,21.14
2025-07-28-00-00-00,Santo Domingo,24.89
2025-07-28-00-00-00,La Sábana,23.20
2025-07-28-00-00-00,Paraíso,23.55
2025-07-29-00-00-00,Santo Domingo,26.53
2025-07-29-00-00-00,La Sábana,24.67
2025-07-29-00-00-00,Paraíso,19.75
2025-07-30-00-00-00,Santo Domingo,22.71
2025-07-30-00-00-00,La Sábana,23.23
2025-07-30-00-00-00,Paraíso,23.53
2025-07-31-00-00-00,Santo Domingo,24.78
2025-07-31-00-00-00,La Sábana,23.84
2025-07-31-00-00-00,Paraíso,22.23
2025-08-01-00-00-00,Santo Domingo,26.64
2025-08-01-00-00-00,La Sábana,23.25
2025-08-01-00-00-00,Paraíso,25.42
2025-08-02-00-00-00,Santo Domingo,23.45
2025-08-02-00-00-00,La Sábana,27.79
2025-08-02-00-00-00,Paraíso,21.90
2025-08-03-00-00-00,Santo Domingo,23.79
2025-08-03-00-00-00,La Sábana,26.07
2025-08-03-00-00-00,Paraíso,19.77
2025-08-04-00-00-00,Santo Domingo,25.25
2025-08-04-00-00-00,La Sábana,25.58
2025-08-04-00-00-00,Paraíso,25.05
2025-08-05-00-00-00,Santo Domingo,26.91
2025-08-05-00-00-00,La Sábana,27.33
2025-08-05-00-00-00,Paraíso,19.93
2025-08-06-00-00-00,Santo Domingo,22.66
2025-08-06-00-00-00,La Sábana,24.20
2025-08-06-00-00-00,Paraíso,22.12
2025-08-07-00-00-00,Santo Domingo,23.44
2025-08-07-00-00-00,La Sábana,26.53
2025-08-07-00-00-00,Paraíso,24.00
2025-08-08-00-00-00,Santo Domingo,24.66
2025-08-08-00-00-00,La Sábana,23.30
2025-08-08-00-00-00,Paraíso,19.59
2025-08-09-00-00-00,Santo Domingo,25.96
2025-08-09-00-00-00,La Sábana,25.73
2025-08-09-00-00-00,Paraíso,23.67
2025-08-10-00-00-00,Santo Domingo,24.79
2025-08-10-00-00-00,La Sábana,27.27
2025-08-10-00-00-00,Paraíso,20.03
2025-08-11-00-00-00,Santo Domingo,24.04
2025-08-11-00-00-00,La Sábana,27.50
2025-08-11-00-00-00,Paraíso,19.10
2025-08-12-00-00-00,Santo Domingo,23.30
2025-08-12-00-00-00,La Sábana,27.85
2025-08-12-00-00-00,Paraíso,20.98
2025-08-13-00-00-00,Santo Domingo,25.70
2025-08-13-00-00-00,La Sábana,27.44
2025-08-13-00-00-00,Paraíso,25.24
2025-08-14-00-00-00,Santo Domingo,23.73
2025-08-14-00-00-00,La Sábana,24.23
2025-08-14-00-00-00,Paraíso,21.50
2025-08-15-00-00-00,Santo Domingo,25.91
2025-08-15-00-00-00,La Sábana,27.77
2025-08-15-00-00-00,Paraíso,25.55
2025-08-16-00-00-00,Santo Domingo,24.81
2025-08-16-00-00-00,La Sábana,27.98
2025-08-16-00-00-00,Paraíso,25.47
2025-08-17-00-00-00,Santo Domingo,27.00
2025-08-17-00-00-00,La Sábana,26.56
2025-08-17-00-00-00,Paraíso,20.55
2025-08-18-00-00-00,Santo Domingo,24.97
2025-08-18-00-00-00,La Sábana,24.36
2025-08-18-00-00-00,Paraíso,19.39
2025-08-19-00-00-00,Santo Domingo,23.00
2025-08-19-00-00-00,La Sábana,25.67
2025-08-19-00-00-00,Paraíso,21.55
2025-08-20-00-00-00,Santo Domingo,26.61
2025-08-20-00-00-00,La Sábana,27.53
2025-08-20-00-00-00,Paraíso,19.04
2025-08-21-00-00-00,Santo Domingo,23.28
2025-08-21-00-00-00,La Sábana,25.76
2025-08-21-00-00-00,Paraíso,20.21
2025-08-22-00-00-00,Santo Domingo,25.52
2025-08-22-00-00-00,La Sábana,25.23
2025-08-22-00-00-00,Paraíso,19.67
2025-08-23-00-00-00,Santo Domingo,22.13
2025-08-23-00-00-00,La Sábana,27.30
2025-08-23-00-00-00,Paraíso,25.27
2025-08-24-00-00-00,Santo Domingo,26.43
2025-08-24-00-00-00,La Sábana,23.92
2025-08-24-00-00-00,Paraíso,20.75
2025-08-25-00-00-00,Santo Domingo,26.33
2025-08-25-00-00-00,La Sábana,26.92
2025-08-25-00-00-00,Paraíso,24.48
2025-08-26-00-00-00,Santo Domingo,26.85
2025-08-26-00-00-00,La Sábana,24.72
2025-08-26-00-00-00,Paraíso,24.77
2025-08-27-00-00-00,Santo Domingo,26.86
2025-08-27-00-00-00,La Sábana,25.04
2025-08-27-00-00-00,Paraíso,20.17
2025-08-28-00-00-00,Santo Domingo,26.38
2025-08-28-00-00-00,La Sábana,27.51
2025-08-28-00-00-00,Paraíso,23.83
2025-08-29-00-00-00,Santo Domingo,24.86
2025-08-29-00-00-00,La Sábana,26.29
2025-08-29-00-00-00,Paraíso,24.56
2025-08-30-00-00-00,Santo Domingo,24.34
2025-08-30-00-00-00,La Sábana,27.25
2025-08-30-00-00-00,Paraíso,20.49
2025-08-31-00-00-00,Santo Domingo,24.57
2025-08-31-00-00-00,La Sábana,27.32
2025-08-31-00-00-00,Paraíso,25.86
2025-09-01-00-00-00,Santo Domingo,22.11
2025-09-01-00-00-00,La Sábana,27.81
2025-09-01-00-00-00,Paraíso,20.57
2025-09-02-00-00-00,Santo Domingo,24.30
2025-09-02-00-00-00,La Sábana,25.68
2025-09-02-00-00-00,Paraíso,25.27
2025-09-03-00-00-00,Santo Domingo,24.20
2025-09-03-00-00-00,La Sábana,24.37
2025-09-03-00-00-00,Paraíso,19.85
2025-09-04-00-00-00,Santo Domingo,24.82
2025-09-04-00-00-00,La Sábana,27.08
2025-09-04-00-00-00,Paraíso,23.38
2025-09-05-00-00-00,Santo Domingo,23.33
2025-09-05-00-00-00,La Sábana,23.30
2025-09-05-00-00-00,Paraíso,25.44
2025-09-06-00-00-00,Santo Domingo,26.34
2025-09-06-00-00-00,La Sábana,25.11
2025-09-06-00-00-00,Paraíso,20.83
2025-09-07-00-00-00,Santo Domingo,26.72
2025-09-07-00-00-00,La Sábana,26.98
2025-09-07-00-00-00,Paraíso,22.75
2025-09-08-00-00-00,Santo Domingo,26.73
2025-09-08-00-00-00,La Sábana,26.37
2025-09-08-00-00-00,Paraíso,24.99
2025-09-09-00-00-00,Santo Domingo,24.84
2025-09-09-00-00-00,La Sábana,24.72
2025-09-09-00-00-00,Paraíso,24.30
2025-09-10-00-00-00,Santo Domingo,26.25
2025-09-10-00-00-00,La Sábana,25.06
2025-09-10-00-00-00,Paraíso,25.29
2025-09-11-00-00-00,Santo Domingo,23.93
2025-09-11-00-00-00,La Sábana,24.61
2025-09-11-00-00-00,Paraíso,24.02
2025-09-12-00-00-00,Santo Domingo,26.59
2025-09-12-00-00-00,La Sábana,24.75
2025-09-12-00-00-00,Paraíso,24.41
2025-09-13-00-00-00,Santo Domingo,23.35
2025-09-13-00-00-00,La Sábana,24.52
2025-09-13-00-00-00,Paraíso,19.45
2025-09-14-00-00-00,Santo Domingo,23.73
2025-09-14-00-00-00,La Sábana,23.25
2025-09-14-00-00-00,Paraíso,19.71
2025-09-15-00-00-00,Santo Domingo,23.45
2025-09-15-00-00-00,La Sábana,25.59
2025-09-15-00-00-00,Paraíso,21.93
2025-09-16-00-00-00,Santo Domingo,22.02
2025-09-16-00-00-00,La Sábana,25.04
2025-09-16-00-00-00,Paraíso,20.18
2025-09-17-00-00-00,Santo Domingo,22.42
2025-09-17-00-00-00,La Sábana,25.66
2025-09-17-00-00-00,Paraíso,23.77
2025-09-18-00-00-00,Santo Domingo,25.88
2025-09-18-00-00-00,La Sábana,24.62
2025-09-18-00-00-00,Paraíso,24.50
2025-09-19-00-00-00,Santo Domingo,22.23
2025-09-19-00-00-00,La Sábana,23.03
2025-09-19-00-00-00,Paraíso,25.20
2025-09-20-00-00-00,Santo Domingo,22.38
2025-09-20-00-00-00,La Sábana,24.31
2025-09-20-00-00-00,Paraíso,20.84
2025-09-21-00-00-00,Santo Domingo,25.40
2025-09-21-00-00-00,La Sábana,27.60
2025-09-21-00-00-00,Paraíso,24.67
2025-09-22-00-00-00,Santo Domingo,25.24
2025-09-22-00-00-00,La Sábana,24.40
2025-09-22-00-00-00,Paraíso,22.01
2025-09-23-00-00-00,Santo Domingo,22.20
2025-09-23-00-00-00,La Sábana,23.25
2025-09-23-00-00-00,Paraíso,20.09
2025-09-24-00-00-00,Santo Domingo,24.32
2025-09-24-00-00-00,La Sábana,26.82
2025-09-24-00-00-00,Paraíso,22.01
2025-09-25-00-00-00,Santo Domingo,26.43
2025-09-25-00-00-00,La Sábana,24.40
2025-09-25-00-00-00,Paraíso,24.11
2025-09-26-00-00-00,Santo Domingo,24.13
2025-09-26-00-00-00,La Sábana,24.87
2025-09-26-00-00-00,Paraíso,19.70
2025-09-27-00-00-00,Santo Domingo,26.86
2025-09-27-00-00-00,La Sábana,24.64
2025-09-27-00-00-00,Paraíso,20.26
2025-09-28-00-00-00,Santo Domingo,23.95
2025-09-28-00-00-00,La Sábana,23.30
2025-09-28-00-00-00,Paraíso,19.06
2025-09-29-00-00-00,Santo Domingo,26.47
2025-09-29-00-00-00,La Sábana,26.40
2025-09-29-00-00-00,Paraíso,25.29
2025-09-30-00-00-00,Santo Domingo,22.11
2025-09-30-00-00-00,La Sábana,24.62
2025-09-30-00-00-00,Paraíso,22.46
2025-10-01-00-00-00,Santo Domingo,23.91
2025-10-01-00-00-00,La Sábana,23.89
2025-10-01-00-00-00,Paraíso,23.16
2025-10-02-00-00-00,Santo Domingo,26.61
2025-10-02-00-00-00,La Sábana,25.15
2025-10-02-00-00-00,Paraíso,25.26
2025-10-03-00-00-00,Santo Domingo,25.23
2025-10-03-00-00-00,La Sábana,23.96
2025-10-03-00-00-00,Paraíso,24.42
2025-10-04-00-00-00,Santo Domingo,24.06
2025-10-04-00-00-00,La Sábana,26.89
2025-10-04-00-00-00,Paraíso,24.26
2025-10-05-00-00-00,Santo Domingo,26.56
2025-10-05-00-00-00,La Sábana,23.78
2025-10-05-00-00-00,Paraíso,25.31
2025-10-06-00-00-00,Santo Domingo,24.37
2025-10-06-00-00-00,La Sábana,27.68
2025-10-06-00-00-00,Paraíso,22.63
2025-10-07-00-00-00,Santo Domingo,25.44
2025-10-07-00-00-00,La Sábana,23.52
2025-10-07-00-00-00,Paraíso,21.65
2025-10-08-00-00-00,Santo Domingo,22.10
2025-10-08-00-00-00,La Sábana,23.67
2025-10-08-00-00-00,Paraíso,21.35
2025-10-09-00-00-00,Santo Domingo,26.53
2025-10-09-00-00-00,La Sábana,24.68
2025-10-09-00-00-00,Paraíso,25.01
2025-10-10-00-00-00,Santo Domingo,22.69
2025-10-10-00-00-00,La Sábana,24.01
2025-10-10-00-00-00,Paraíso,19.88
2025-10-11-00-00-00,Santo Domingo,26.42
2025-10-11-00-00-00,La Sábana,25.77
2025-10-11-00-00-00,Paraíso,19.15
2025-10-12-00-00-00,Santo Domingo,23.28
2025-10-12-00-00-00,La Sábana,26.17
2025-10-12-00-00-00,Paraíso,24.66
2025-10-13-00-00-00,Santo Domingo,23.37
2025-10-13-00-00-00,La Sábana,24.35
2025-10-13-00-00-00,Paraíso,21.69
2025-10-14-00-00-00,Santo Domingo,23.78
2025-10-14-00-00-00,La Sábana,25.39
2025-10-14-00-00-00,Paraíso,19.94
2025-10-15-00-00-00,Santo Domingo,23.41
2025-10-15-00-00-00,La Sábana,25.25
2025-10-15-00-00-00,Paraíso,20.74
